<?xml version="1.0"?>
<!--
/**
 * Logicrays
 *
 * DISCLAIMER
 *
 * Do not edit or add to this file if you wish to upgrade this extension to newer
 * version in the future.
 *
 * @category    Logicrays
 * @package     Logicrays_ManageCategoryImage
 * @copyright   Copyright (c) Logicrays (https://www.logicrays.com/)
 */
-->
<config xmlns:xsi="http://www.w3.org/2001/XMLSchema-instance" xsi:noNamespaceSchemaLocation="urn:magento:module:Magento_Config:etc/system_file.xsd">
    <system>
<section id="managecategoryimage" translate="label" sortOrder="150" showInDefault="1" showInWebsite="1" showInStore="1">
            <class>separator-top</class>
            <label>Manage Category Image</label>
            <tab>logicrays</tab>
            <resource>Logicrays_ManageCategoryImage::config_managecategoryimage</resource>
            <group id="general" translate="label" type="text" sortOrder="10" showInDefault="1" showInWebsite="0" showInStore="0">
                <label>General Configuration</label>
                <field id="enabled" translate="label" type="select" sortOrder="1" showInDefault="1" showInWebsite="0" showInStore="0">
                    <label>Enable</label>
                    <source_model>Magento\Config\Model\Config\Source\Yesno</source_model>
                </field>
            </group>
        </section>
    </system>
</config>
