<?xml version="1.0"?>
<!-- /**
 * Logicrays
 *
 * DISCLAIMER
 *
 * Do not edit or add to this file if you wish to upgrade this extension to newer
 * version in the future.
 *
 * @category    Logicrays
 * @package     Logicrays_ManageCategoryImage
 * @copyright   Copyright (c) Logicrays (https://www.logicrays.com/)
 */ -->

<config xmlns:xsi="http://www.w3.org/2001/XMLSchema-instance" xsi:noNamespaceSchemaLocation="urn:magento:framework:ObjectManager/etc/config.xsd">
    <!-- Data source for Manage Category Image -->
    <virtualType name="Logicrays\ManageCategoryImage\Model\ResourceModel\ManageCategoryImage\ManageCategoryImage\Collection"
        type="Magento\Framework\View\Element\UiComponent\DataProvider\SearchResult">
        <arguments>
            <argument name="mainTable" xsi:type="string">logicrays_manage_category_image</argument>
            <argument name="resourceModel" xsi:type="string">Logicrays\ManageCategoryImage\Model\ResourceModel\ManageCategoryImage</argument>
        </arguments>
    </virtualType>
    <type name="Magento\Framework\View\Element\UiComponent\DataProvider\CollectionFactory">
        <arguments>
            <argument name="collections" xsi:type="array">
                <item name="managecategoryimage_managecategoryimage_list_data_source" xsi:type="string">Logicrays\ManageCategoryImage\Model\ResourceModel\ManageCategoryImage\ManageCategoryImage\Collection</item>
            </argument>
        </arguments>
    </type>
</config>
