<?xml version="1.0"?>
<!--
/**
 * Mageplaza
 *
 * NOTICE OF LICENSE
 *
 * This source file is subject to the Mageplaza.com license that is
 * available through the world-wide-web at this URL:
 * https://www.mageplaza.com/LICENSE.txt
 *
 * DISCLAIMER
 *
 * Do not edit or add to this file if you wish to upgrade this extension to newer
 * version in the future.
 *
 * @category    Mageplaza
 * @package     Mageplaza_Productslider
 * @copyright   Copyright (c) Mageplaza (https://www.mageplaza.com/)
 * @license     https://www.mageplaza.com/LICENSE.txt
 */
-->
<config xmlns:xsi="http://www.w3.org/2001/XMLSchema-instance" xsi:noNamespaceSchemaLocation="urn:magento:framework:ObjectManager/etc/config.xsd">
    <type name="Magento\Framework\View\Element\UiComponent\DataProvider\CollectionFactory">
        <arguments>
            <argument name="collections" xsi:type="array">
                <item name="mpproductslider_slider_listing_data_source" xsi:type="string">Mageplaza\Productslider\Model\ResourceModel\Slider\Grid\Collection</item>
            </argument>
        </arguments>
    </type>
    <virtualType name="Mageplaza\Productslider\Model\ResourceModel\Slider\Grid\Collection" type="Magento\Framework\View\Element\UiComponent\DataProvider\SearchResult">
        <arguments>
            <argument name="mainTable" xsi:type="string">mageplaza_productslider_slider</argument>
            <argument name="resourceModel" xsi:type="string">Mageplaza\Productslider\Model\ResourceModel\Slider</argument>
        </arguments>
    </virtualType>
    <type name="Magento\Cms\Block\Widget\Block">
        <plugin name="mp_product_slider_cms_widget_block" type="Mageplaza\Productslider\Plugin\Block\Widget\Block"/>
    </type>
</config>
